"shift","Mean Crimes","Median Crimes","Max Crimes","Min Crimes"
"13-21",23.870406860062,24,47.6666666666667,0
"21-5",19.9224137931034,19.5,48,0
"5-13",23.1575351213282,23,46.2,0
