"shift","Mean Crimes","Median Crimes","Max Crimes","Min Crimes"
"5-13",25.7797202797203,19.25,115.5,0
"21-5",19.715034965035,14.5,144,0
"13-21",28.2185314685315,19.5,161.5,0
