"shift","Mean Crimes","Median Crimes","Max Crimes","Min Crimes"
"13-21",21.8472569097569,22,42.6,0
"21-5",18.2912004662005,17.5,41.8333333333333,0
"5-13",21.5130536130536,21,42.5,0
