"shift","Mean Crimes","Median Crimes","Max Crimes","Min Crimes"
"5-13",27.5555555555556,21.5,115.5,0
"21-5",21.1206896551724,16,144,0
"13-21",30.1934865900383,23.5,161.5,0
